date,open,high,low,adjClose,value,volume,count,yesterday,close
2020-04-15,8600.0,8600.0,8600.0,8600.0,57619891863600,6699987426,2061657,1000.0,8600.0
2020-04-18,9030.0,9030.0,9030.0,8889.0,84687412530,9378451,2122,8600.0,9030.0
2020-04-19,9333.0,9333.0,9333.0,9027.0,40548235797,4344609,2796,8889.0,9333.0
2020-04-20,9478.0,9478.0,9478.0,9269.0,71072242612,7498654,3759,9027.0,9478.0
2020-04-21,9732.0,9732.0,9732.0,9483.0,62696434404,6442297,3290,9269.0,9732.0
2020-04-22,9957.0,9957.0,9957.0,9722.0,70005944439,7030827,4259,9483.0,9957.0
2020-04-25,10222.0,10222.0,10222.0,10027.0,75670624284,7402722,4047,9736.0,10222.0
2020-04-26,10528.0,10528.0,10528.0,10480.0,117392074464,11150463,5678,10027.0,10528.0
2020-04-27,11004.0,11004.0,11004.0,10926.0,115669437324,10511581,5664,10480.0,11004.0
2020-04-28,11472.0,11472.0,11472.0,11472.0,179581494912,15653896,7313,10926.0,11472.0
2020-04-29,12045.0,12045.0,12045.0,12031.0,145144875810,12050218,6238,11472.0,12045.0
2020-05-02,12636.0,12636.0,12636.0,12636.0,128380787028,10159923,5500,12035.0,12636.0
2020-05-03,13267.0,13267.0,13267.0,13267.0,138556408696,10443688,5132,12636.0,13267.0
2020-05-05,13930.0,14626.0,13930.0,14465.0,2307919814364,159556314,48485,13267.0,14626.0
2020-05-10,15188.0,15188.0,15188.0,15188.0,652551463156,42964937,19285,14465.0,15188.0
2020-05-11,15947.0,15947.0,15947.0,15947.0,565640265417,35470011,12824,15188.0,15947.0
2020-05-12,16744.0,16744.0,15150.0,16324.0,11868199052347,727044963,226166,15947.0,15600.0
2020-05-13,15550.0,17140.0,15508.0,15548.0,7357795218762,473223138,180257,16324.0,15600.0
2020-05-16,15600.0,15600.0,14771.0,14772.0,852769917483,57729745,16498,15548.0,14771.0
2020-05-17,14034.0,15510.0,14034.0,14399.0,4392906957521,305079856,116632,14772.0,14771.0
2020-05-18,15118.0,15118.0,15118.0,15118.0,842439695276,55724282,22446,14399.0,15118.0
2020-05-19,15430.0,15873.0,14888.0,15273.0,5219103638097,341719786,113983,15118.0,15160.0
2020-05-20,14870.0,16000.0,14850.0,15081.0,4587465183472,304185319,153165,15273.0,14999.0
2020-05-23,14450.0,14800.0,14327.0,14430.0,3374834077845,233868755,82348,15081.0,14327.0
2020-05-26,13709.0,14327.0,13709.0,13709.0,382858000000,27927529,6773,14430.0,13709.0
2020-05-27,14394.0,14394.0,14394.0,14394.0,1171583710236,81393894,24725,13709.0,14394.0
2020-05-30,15113.0,15113.0,15113.0,15113.0,916628854953,60651681,15565,14394.0,15113.0
2020-05-31,15089.0,15868.0,14358.0,15023.0,2137017164439,142247680,50397,15113.0,15072.0
2020-06-01,15500.0,15700.0,15100.0,15515.0,2873334421635,185194007,64933,15023.0,15669.0
2020-06-02,16189.0,16290.0,15911.0,16215.0,2985642215792,184130376,60977,15515.0,16290.0
2020-06-06,17025.0,17025.0,17025.0,17025.0,1262709246600,74167944,28005,16215.0,17025.0
2020-06-07,17876.0,17876.0,17700.0,17874.0,5151597210711,288209600,65181,17025.0,17876.0
2020-06-08,17876.0,18767.0,16981.0,18276.0,7562975405470,413819700,137936,17874.0,17930.0
2020-06-09,18200.0,18996.0,17606.0,18101.0,4610674517269,254714762,99272,18276.0,17950.0
2020-06-10,18065.0,18608.0,17801.0,18156.0,5051507275311,278226446,108169,18101.0,18111.0
2020-06-13,18440.0,18850.0,17250.0,18430.0,4448549904090,241425631,103694,18156.0,18340.0
2020-06-14,18570.0,18580.0,17510.0,17830.0,4989169542810,279785876,104109,18430.0,17940.0
2020-06-15,18300.0,18620.0,17690.0,18100.0,3780207103330,208839124,72745,17830.0,17820.0
2020-06-16,18100.0,18900.0,17610.0,18310.0,5236225992940,285919886,98688,18100.0,18490.0
2020-06-20,18510.0,19220.0,18500.0,19070.0,4152073007830,217678331,65634,18310.0,19220.0
2020-06-21,20020.0,20020.0,19000.0,19990.0,3975834569470,198851843,42132,19070.0,20020.0
2020-06-22,20980.0,20980.0,20980.0,20980.0,1586684734140,75628443,16537,19990.0,20980.0
2020-06-23,22020.0,22020.0,20980.0,21860.0,4165351654470,190560123,47854,20980.0,21240.0
2020-06-24,21500.0,22950.0,21400.0,22540.0,3965322160940,175939938,50622,21860.0,22950.0
2020-06-27,23660.0,23660.0,23660.0,23660.0,1290347667700,54537095,22629,22540.0,23660.0
2020-06-28,24840.0,24840.0,23670.0,24660.0,7052994930670,285986429,74278,23660.0,24840.0
2020-06-29,24700.0,25890.0,24000.0,25480.0,2557006432280,100371980,35598,24660.0,25890.0
2020-06-30,26750.0,26750.0,26750.0,26750.0,550595464000,20583008,23633,25480.0,26750.0
2020-07-01,28080.0,28080.0,28080.0,27890.0,128567368800,4578610,3679,26750.0,28080.0
2020-07-08,29280.0,29280.0,29280.0,29280.0,6422416036800,219344810,33462,27890.0,29280.0
2020-07-11,30740.0,30740.0,30740.0,30740.0,617721160720,20095028,7750,29280.0,30740.0
2020-07-12,32270.0,32270.0,32270.0,32270.0,6069945016730,188098699,8234,30740.0,32270.0
2020-07-13,33880.0,33880.0,33880.0,33880.0,7591990720160,224084732,14758,32270.0,33880.0
2020-07-14,35570.0,35570.0,33880.0,35570.0,8350302799400,234756920,25093,33880.0,35570.0
2020-07-15,37000.0,37340.0,33800.0,35930.0,18982612783870,528324094,187692,35570.0,35880.0
2020-07-18,35990.0,37720.0,34140.0,36760.0,7047559956300,191737727,76115,35930.0,37290.0
2020-07-19,38590.0,38590.0,38590.0,38590.0,2859398483430,74096877,11696,36760.0,38590.0
2020-07-21,40510.0,40510.0,38590.0,40420.0,13836560770460,342284555,101494,38590.0,40510.0
2020-07-22,42440.0,42440.0,42440.0,42440.0,1314045317000,30962425,6863,40420.0,42440.0
2020-07-25,44560.0,44560.0,44560.0,44560.0,9707406026000,217850225,20851,42440.0,44560.0
2020-07-26,46780.0,46780.0,46780.0,46780.0,10237510063640,218843738,22141,44560.0,46780.0
2020-07-27,49110.0,49110.0,49110.0,49110.0,11429617863510,232735041,22173,46780.0,49110.0
2020-07-28,49150.0,51560.0,46660.0,48540.0,17670632954850,364029625,209418,49110.0,47400.0
2020-07-29,48540.0,50960.0,46120.0,49780.0,8135149868150,163424246,71202,48540.0,50900.0
2020-08-01,52260.0,52260.0,52260.0,52260.0,1896439257180,36288543,10369,49780.0,52260.0
2020-08-02,54870.0,54870.0,54870.0,54870.0,9611517433260,175168898,20081,52260.0,54870.0
2020-08-03,57610.0,57610.0,54000.0,57510.0,23928966843460,416087090,211734,54870.0,57610.0
2020-08-04,58800.0,60380.0,54640.0,59690.0,14884992775200,249360663,174461,57510.0,60290.0
2020-08-05,62670.0,62670.0,60000.0,62670.0,3048574779280,48644941,11769,59690.0,62670.0
2020-08-11,61700.0,65800.0,59540.0,61870.0,5064935560410,81865872,37948,62670.0,62000.0
2020-08-12,58780.0,60000.0,58780.0,58780.0,4871473239400,82876368,76026,61870.0,58780.0
2020-08-16,49300.0,50000.0,46840.0,48480.0,7655615477410,157905712,77316,58780.0,47470.0
2020-08-17,50900.0,50900.0,50900.0,50900.0,3522112640800,69196712,28899,48480.0,50900.0
2020-08-18,53000.0,53010.0,48360.0,49950.0,22362919830420,447696113,220376,50900.0,48360.0
2020-08-19,47460.0,47460.0,47460.0,47460.0,741004845000,15613250,25275,49950.0,47460.0
2020-08-22,48400.0,49830.0,45090.0,45920.0,9912091755160,215861599,85825,47460.0,45090.0
2020-08-23,43630.0,43630.0,43630.0,43630.0,811189247950,18592465,14761,45920.0,43630.0
2020-08-24,41450.0,45810.0,41450.0,41450.0,15886906120470,383256564,59076,43630.0,41450.0
2020-08-25,41450.0,43520.0,39380.0,42960.0,9171457889950,213486652,81666,41450.0,43520.0
2020-08-26,45100.0,45100.0,45000.0,45100.0,6084624142860,134915099,59388,42960.0,45000.0
2020-08-31,46000.0,47100.0,42850.0,43860.0,24414264766060,556622272,191960,45100.0,43610.0
2020-09-01,42300.0,42300.0,41670.0,41810.0,1962479693790,46937158,25224,43860.0,41670.0
2020-09-02,39720.0,39720.0,39720.0,39720.0,2963228419320,74602931,13529,41810.0,39720.0
2020-09-05,40100.0,40980.0,37740.0,38150.0,18944949891780,496542900,178538,39720.0,39180.0
2020-09-06,38900.0,39900.0,36250.0,37140.0,9918200943510,267054307,96760,38150.0,36250.0
2020-11-17,29000.0,30450.0,28980.0,29520.0,12138989780070,411159311,79730,35940.0,30450.0
2020-11-18,30990.0,30990.0,30990.0,30990.0,1743731250540,56267546,18760,29520.0,30990.0
2020-11-21,32530.0,32530.0,30000.0,32090.0,24752520735720,771462399,284829,30990.0,30500.0
2020-11-22,30700.0,32690.0,30490.0,31120.0,13489240686140,433440514,151586,32090.0,30700.0
2020-11-23,30880.0,32000.0,30010.0,30590.0,8503790211270,277954297,127608,31120.0,30130.0
2020-11-24,30000.0,30490.0,29070.0,29260.0,7801846977010,266630535,99539,30590.0,29070.0
2020-11-25,27800.0,28990.0,27800.0,27980.0,16241835237530,580476143,198763,29260.0,27800.0
2020-11-28,27200.0,29000.0,26700.0,28150.0,9783787519750,347582228,136906,27980.0,28250.0
2020-11-29,28800.0,29550.0,28300.0,29480.0,8925077403670,302799409,69963,28150.0,29550.0
2020-11-30,30700.0,30950.0,29550.0,30360.0,9734740615870,320673802,130606,29480.0,30020.0
2020-12-01,29990.0,30590.0,29000.0,29610.0,8098303311110,273536019,113606,30360.0,29120.0
2020-12-02,29120.0,30480.0,28300.0,29310.0,7712930468700,263163399,118749,29610.0,28780.0
2020-12-05,28170.0,29980.0,28130.0,29190.0,6104906237600,209139260,87307,29310.0,29530.0
2020-12-06,30140.0,30640.0,29600.0,30590.0,9828235729880,321281867,85549,29190.0,30640.0
2020-12-07,31000.0,31640.0,29070.0,30320.0,8055488545480,265682547,111754,30590.0,29450.0
2020-12-08,29500.0,30150.0,28900.0,29360.0,4176983610630,142262237,77554,30320.0,29120.0
2020-12-09,29150.0,29570.0,28360.0,28870.0,5356999104470,185583661,97886,29360.0,29220.0
2020-12-12,29100.0,29700.0,28370.0,28880.0,6345368849230,219716268,97477,28870.0,28450.0
2020-12-13,28100.0,28480.0,27580.0,27940.0,4807659188390,172058561,82830,28880.0,27700.0
2020-12-14,27600.0,28470.0,26550.0,27150.0,3900667739910,143671067,69569,27940.0,26550.0
2020-12-15,25800.0,26100.0,25800.0,25800.0,1482508536860,57453535,14961,27150.0,25800.0
2020-12-16,24510.0,25450.0,24510.0,24620.0,6475094493920,262984313,108144,25800.0,24590.0
2020-12-19,25020.0,25850.0,24250.0,25490.0,4037667315410,158396868,51795,24620.0,25850.0
2020-12-20,26600.0,26640.0,24550.0,25360.0,3821510082760,150678155,62322,25490.0,24870.0
2020-12-21,24700.0,25330.0,24100.0,24460.0,3759193690240,153705270,60454,25360.0,24100.0
2020-12-22,24000.0,24810.0,23650.0,24110.0,4571129123590,189573781,73947,24460.0,24190.0
2020-12-23,24470.0,24630.0,23170.0,23780.0,3491793523090,146849658,62984,24110.0,23390.0
2020-12-26,23420.0,23420.0,22600.0,22750.0,4669546687310,205214212,82612,23780.0,22600.0
2020-12-27,22000.0,23880.0,21950.0,23530.0,6008136768860,255347189,95213,22750.0,23880.0
2020-12-28,24190.0,24700.0,23600.0,24580.0,3962499760490,161233223,54641,23530.0,24700.0
2020-12-29,25380.0,25380.0,23360.0,23660.0,3755026977200,158716968,57609,24580.0,23420.0
2020-12-30,23120.0,23400.0,22480.0,22710.0,3153403040620,138861717,52348,23660.0,22480.0
2021-01-02,21840.0,22710.0,21580.0,21700.0,2982037747870,137406283,40877,22710.0,21580.0
2021-01-03,20990.0,22300.0,20720.0,21290.0,3075863082800,144441347,53361,21700.0,21140.0
2021-01-04,21290.0,22000.0,20920.0,21350.0,2754404451190,129011606,46580,21290.0,21080.0
2021-01-05,20860.0,21070.0,20290.0,20430.0,2329731483810,114024113,41178,21350.0,20290.0
2021-01-06,20000.0,20200.0,19410.0,19620.0,3346015832290,170578376,56060,20430.0,19410.0
2021-01-09,19100.0,19860.0,18640.0,18870.0,2992576972170,158623627,55313,19620.0,19000.0
2021-01-10,19200.0,19810.0,19200.0,19750.0,2133843120190,108017563,21466,18870.0,19810.0
2021-01-11,20730.0,20730.0,20150.0,20670.0,5304362245010,256613082,43683,19750.0,20730.0
2021-01-12,20740.0,20740.0,19640.0,19860.0,2995465203660,150796175,31891,20670.0,19640.0
2021-01-13,20030.0,20850.0,19120.0,20580.0,7028182803900,341581540,71756,19860.0,20850.0
2021-01-16,20990.0,21250.0,19560.0,19840.0,3311387164850,166887857,35024,20580.0,19560.0
2021-01-18,19000.0,19490.0,18850.0,18900.0,1368847863330,72432081,13284,19840.0,18850.0
2021-01-19,18000.0,19840.0,18000.0,19330.0,3487450222710,180429072,44268,18900.0,19800.0
2021-01-20,19990.0,20290.0,19500.0,20230.0,1227804831640,60696166,10440,19330.0,20290.0
2021-01-23,21240.0,21240.0,21240.0,21240.0,732729682440,34497631,5357,20230.0,21240.0
2021-01-24,22300.0,22300.0,20810.0,21910.0,7243235184030,330596592,70932,21240.0,22300.0
2021-01-25,21500.0,23000.0,20830.0,22600.0,6058762061480,268035495,61387,21910.0,22650.0
2021-01-26,22900.0,23270.0,21470.0,21960.0,3599616833120,163879661,36907,22600.0,21470.0
2021-01-27,21200.0,22600.0,20870.0,21610.0,6574431151930,304243085,49360,21960.0,22600.0
2021-01-30,22690.0,22690.0,22690.0,22690.0,419162830090,18473461,6485,21610.0,22690.0
2021-01-31,23820.0,23820.0,23260.0,23790.0,10219491019530,429564887,73972,22690.0,23600.0
2021-02-01,23460.0,24890.0,22800.0,23790.0,5004154022590,210377524,56615,23790.0,23200.0
2021-02-02,23200.0,23500.0,22610.0,22740.0,3997464036540,175805472,35788,23790.0,22610.0
2021-02-03,22400.0,23250.0,21610.0,21830.0,1828789518890,83781296,18945,22740.0,21610.0
2021-02-06,21000.0,21560.0,20740.0,20770.0,1366228119370,65783014,9017,21830.0,20740.0
2021-02-07,20910.0,21800.0,20910.0,21620.0,1234093968270,57077056,14091,20770.0,21800.0
2021-02-08,22700.0,22700.0,21150.0,22270.0,3846594364970,172698757,44196,21620.0,22280.0
2021-02-09,22290.0,23000.0,21700.0,22640.0,2566484289130,113360634,35784,22270.0,22790.0
2021-02-13,23720.0,23990.0,23000.0,23680.0,3642329678920,153792372,40601,22640.0,23990.0
2021-02-14,24000.0,24210.0,23210.0,23400.0,2903958855120,124108923,29836,23680.0,23210.0
2021-02-15,22940.0,23210.0,22940.0,22950.0,1941476521120,84606104,16404,23400.0,22940.0
2021-02-16,22500.0,22700.0,22500.0,22500.0,447782052850,19900187,3725,22950.0,22500.0
2021-02-17,22050.0,22140.0,22050.0,22050.0,908971985760,41221372,5884,22500.0,22050.0
2021-02-20,21610.0,21700.0,21610.0,21610.0,699575454320,32370901,4809,22050.0,21610.0
2021-02-21,21180.0,21180.0,21180.0,21180.0,492086292480,23233536,1694,21610.0,21180.0
2021-02-22,20760.0,20760.0,20760.0,20760.0,480420155760,23141626,1834,21180.0,20760.0
2021-02-23,20350.0,21100.0,20350.0,20500.0,2911867303380,142028013,34085,20760.0,20800.0
2021-02-24,20630.0,20910.0,20090.0,20210.0,965897105140,47803576,14713,20500.0,20090.0
2021-02-27,19810.0,19810.0,19810.0,19810.0,521308173050,26315405,2902,20210.0,19810.0
2021-02-28,19420.0,19420.0,19420.0,19420.0,464943483340,23941477,2562,19810.0,19420.0
2021-03-01,19040.0,19450.0,19040.0,19070.0,2897533470960,151916980,42997,19420.0,19080.0
2021-03-02,19100.0,19610.0,18690.0,18900.0,1938930741430,102568321,34394,19070.0,18740.0
2021-03-03,18800.0,19150.0,18530.0,18550.0,1297432781660,69942639,23676,18900.0,18550.0
2021-03-06,18340.0,18550.0,18180.0,18200.0,1539840868360,84608480,25146,18550.0,18180.0
2021-03-07,18030.0,18700.0,18030.0,18360.0,1146555405080,62449725,25949,18200.0,18510.0
2021-03-08,18660.0,19460.0,18450.0,19190.0,2000105085910,104224537,31223,18360.0,19450.0
2021-03-09,19480.0,20210.0,18820.0,19310.0,1374821048950,71209319,28371,19190.0,18860.0
2021-03-10,18930.0,19200.0,18930.0,18960.0,1245126809970,65668566,18035,19310.0,18930.0
2021-03-13,18620.0,19370.0,18590.0,19000.0,1519027110060,79966436,26224,18960.0,19060.0
2021-03-14,19030.0,19370.0,18630.0,18900.0,2022066685530,106986423,31785,19000.0,18720.0
2021-03-28,11410.0,11660.0,11300.0,11440.0,1518388998400,132706197,23037,10650.0,11420.0
2021-03-30,11520.0,11770.0,11220.0,11510.0,961348742900,83528311,24807,11440.0,11440.0
2021-03-31,11500.0,11590.0,11280.0,11310.0,630207510150,55736485,16421,11510.0,11300.0
2021-04-03,11110.0,11300.0,11090.0,11100.0,563928443510,50815394,12782,11310.0,11090.0
2021-04-04,10890.0,11000.0,10880.0,10880.0,556583534550,51135743,11154,11100.0,10880.0
2021-04-05,10680.0,11470.0,10680.0,11130.0,1028188146630,92404593,25142,10880.0,11420.0
2021-04-06,11490.0,11530.0,11100.0,11260.0,671476299530,59639336,15885,11130.0,11160.0
2021-04-07,11080.0,11240.0,11040.0,11050.0,657878570610,59532104,12893,11260.0,11050.0
2021-04-10,10850.0,11000.0,10830.0,10830.0,457605349120,42237904,7512,11050.0,10830.0
2021-04-11,10620.0,10890.0,10620.0,10680.0,608802013450,56988489,15535,10830.0,10730.0
2021-04-12,10750.0,11150.0,10690.0,10890.0,614067895950,56375222,15585,10680.0,11070.0
2021-04-13,11540.0,11540.0,11530.0,11540.0,1048361088130,90845853,10876,10890.0,11540.0
2021-04-14,11750.0,12200.0,11550.0,11870.0,2270894694910,191383929,36379,11540.0,11700.0
2021-04-17,11700.0,11820.0,11640.0,11650.0,541604600860,46491308,5045,11870.0,11640.0
2021-04-18,11420.0,11450.0,11420.0,11420.0,442777965850,38771819,3109,11650.0,11420.0
2021-04-19,11200.0,11700.0,11200.0,11370.0,1149968412750,101184710,20782,11420.0,11630.0
2021-04-20,11720.0,12050.0,11400.0,11800.0,1349675311090,114390251,22034,11370.0,11580.0
2021-04-21,11620.0,11900.0,11450.0,11570.0,709729868790,61346390,11815,11800.0,11450.0
2021-04-24,11330.0,11550.0,11230.0,11280.0,611730900300,54241498,10665,11570.0,11230.0
2021-04-25,10990.0,11190.0,10950.0,10970.0,592448168470,54012140,8242,11280.0,10950.0
2021-04-26,10750.0,11600.0,10750.0,11260.0,799137740240,70973945,15285,10970.0,11360.0
2021-04-27,11430.0,11900.0,11330.0,11630.0,880717217390,75735506,14771,11260.0,11530.0
2021-04-28,11650.0,11950.0,11350.0,11630.0,526781331120,45301053,12552,11630.0,11530.0
2021-05-01,11550.0,11780.0,11290.0,11350.0,550847395010,48553336,7916,11630.0,11290.0
2021-05-02,11010.0,11190.0,11010.0,11010.0,486786988970,44203443,7206,11350.0,11010.0
2021-05-03,10710.0,11000.0,10690.0,10740.0,383539990040,35707965,10125,11010.0,10720.0
2021-05-05,10630.0,11070.0,10630.0,10860.0,439712327470,40483459,12484,10740.0,10860.0
2021-05-08,10770.0,10980.0,10540.0,10580.0,560259687600,52957987,10321,10860.0,10540.0
2021-05-09,10270.0,10450.0,10270.0,10270.0,625932732450,60932105,10427,10580.0,10280.0
2021-05-10,10110.0,10880.0,10110.0,10670.0,832199862030,77986157,15059,10270.0,10880.0
2021-05-11,10930.0,11290.0,10710.0,11070.0,694622571740,62731280,13181,10670.0,11110.0
2021-05-12,11200.0,11340.0,10740.0,10960.0,681984367670,62219409,12843,11070.0,10800.0
2021-05-15,10570.0,11290.0,10560.0,11000.0,390874598810,35548778,9739,10960.0,10830.0
2021-05-16,10760.0,11150.0,10760.0,10880.0,328481300120,30192098,8666,11000.0,10790.0
2021-05-17,10790.0,10900.0,10340.0,10550.0,308798506760,29278539,8433,10880.0,10400.0
2021-05-18,10340.0,10740.0,10300.0,10560.0,331782561780,31419611,8044,10550.0,10580.0
2021-05-19,10600.0,10620.0,10160.0,10300.0,341635585540,33177607,8848,10560.0,10350.0
2021-05-22,10200.0,10250.0,9790.0,9840.0,516152816670,52468249,12320,10300.0,9800.0
2021-05-23,9510.0,9770.0,9380.0,9500.0,357760949570,37668810,8929,9840.0,9410.0
2021-05-24,9210.0,9780.0,9210.0,9510.0,317789935310,33399412,9759,9500.0,9620.0
2021-05-25,9520.0,9870.0,9520.0,9730.0,256473701350,26366242,9485,9510.0,9720.0
2021-05-26,9650.0,9890.0,9600.0,9720.0,211690976240,21775912,11267,9730.0,9700.0
2021-05-29,9670.0,10200.0,9670.0,10170.0,598565615420,58872678,8408,9720.0,10200.0
2021-05-30,10630.0,10670.0,10200.0,10550.0,838135101090,79426221,14346,10170.0,10290.0
2021-05-31,10350.0,10650.0,10100.0,10330.0,436580409040,42250430,8304,10550.0,10160.0
2021-06-01,10060.0,10410.0,9970.0,10140.0,288736835130,28473539,6616,10330.0,10050.0
2021-06-02,10010.0,10390.0,9920.0,10230.0,526349774110,51464552,9069,10140.0,10270.0
2021-06-07,10380.0,10470.0,10130.0,10300.0,396409555390,38483367,9970,10230.0,10280.0
2021-06-08,10390.0,10720.0,10110.0,10380.0,505651406930,48732426,10862,10300.0,10150.0
2021-06-09,10110.0,10250.0,10000.0,10090.0,244353718230,24227401,7558,10380.0,10080.0
2021-06-12,10020.0,10220.0,9800.0,9960.0,253002938140,25409067,8218,10090.0,9880.0
2021-06-13,9820.0,10090.0,9790.0,9940.0,266471100730,26800926,7265,9960.0,10070.0
2021-06-14,10110.0,10430.0,10060.0,10300.0,552916384070,53692807,10855,9940.0,10430.0
2021-06-15,10490.0,10600.0,10110.0,10330.0,352131617640,34089250,8798,10300.0,10120.0
2021-06-16,10070.0,10390.0,10010.0,10180.0,289922690530,28490797,7193,10330.0,10200.0
2021-06-19,10300.0,10680.0,10200.0,10590.0,638525366800,60322130,8635,10180.0,10680.0
2021-06-20,11110.0,11110.0,11000.0,11110.0,2284926570920,205695635,14439,10590.0,11110.0
2021-06-21,11130.0,11660.0,11000.0,11450.0,2200497497580,192152618,26928,11110.0,11500.0
2021-06-22,11570.0,11890.0,11330.0,11590.0,1037734486360,89538197,17440,11450.0,11600.0
2021-06-23,11650.0,12160.0,11310.0,11930.0,1773852117210,148665701,18897,11590.0,12160.0
2021-06-26,12520.0,12520.0,12200.0,12510.0,2812943425380,224809251,21872,11930.0,12520.0
2021-06-27,13130.0,13130.0,13130.0,13130.0,563284182110,42900547,3015,12510.0,13130.0
2021-06-28,13780.0,13780.0,13500.0,13730.0,6551184962310,477105679,81398,13130.0,13590.0
2021-06-29,13640.0,13850.0,13240.0,13510.0,1920826776910,142174972,35698,13730.0,13390.0
2021-06-30,13390.0,14180.0,13130.0,13840.0,2437035989190,176032943,35228,13510.0,13910.0
2021-07-03,14150.0,14150.0,13150.0,13510.0,1874664260720,138799609,28185,13840.0,13150.0
2021-07-04,13000.0,13680.0,12920.0,13290.0,1167100060810,87815281,20222,13510.0,13200.0
2021-07-05,13140.0,13360.0,12910.0,13120.0,1333264340390,101612845,23581,13290.0,13140.0
2021-07-06,13770.0,13770.0,13600.0,13750.0,3876678862180,281920695,43157,13120.0,13760.0
2021-07-07,13790.0,13930.0,13370.0,13620.0,1171861207910,86065983,23479,13750.0,13540.0
2021-07-10,13520.0,13530.0,13030.0,13170.0,931524562520,70741183,19833,13620.0,13090.0
2021-07-11,12650.0,13230.0,12560.0,12940.0,2781019850870,214903992,44046,13170.0,13040.0
2021-07-12,13170.0,13280.0,12700.0,12980.0,1691485392060,130348005,32288,12940.0,12790.0
2021-07-13,12810.0,13080.0,12380.0,12670.0,1573347373880,124169265,29731,12980.0,12480.0
2021-07-14,12420.0,12840.0,12360.0,12640.0,1525697943690,120698641,26974,12670.0,12750.0
2021-07-17,12870.0,12940.0,12380.0,12590.0,1516366190390,120451891,29048,12640.0,12420.0
2021-07-18,12360.0,13210.0,12350.0,12900.0,3213119799410,249173089,41437,12590.0,13210.0
2021-07-19,13270.0,13340.0,12860.0,13030.0,1760268927680,135069626,28786,12900.0,12960.0
2021-07-26,13050.0,13260.0,12820.0,12960.0,1284479355010,99109915,24919,13030.0,12870.0
2021-07-27,12960.0,12960.0,12320.0,12470.0,1503472244520,120555980,25932,12960.0,12340.0
2021-07-28,12290.0,12660.0,12150.0,12330.0,1129092793590,91557225,20358,12470.0,12280.0
2021-07-31,12290.0,12920.0,12280.0,12700.0,1498932629040,118014896,21957,12330.0,12700.0
2021-08-01,12850.0,12880.0,12430.0,12610.0,878620898340,69665255,19126,12700.0,12480.0
2021-08-02,12500.0,12740.0,12460.0,12580.0,826094101260,65650441,15035,12610.0,12620.0
2021-08-03,12620.0,13150.0,12600.0,12960.0,1471048970660,113549700,23308,12580.0,12970.0
2021-08-04,13010.0,13600.0,13010.0,13500.0,3444194594010,255047784,40637,12960.0,13600.0
2021-08-07,13700.0,13840.0,13110.0,13390.0,1651700973500,123349176,26868,13500.0,13230.0
2021-08-08,13230.0,13650.0,13230.0,13440.0,1164309744080,86618659,19280,13390.0,13370.0
2021-08-09,13310.0,13850.0,13310.0,13630.0,1405548261460,103101136,21138,13440.0,13570.0
2021-08-10,13700.0,13950.0,13490.0,13680.0,1830558494970,133843150,23704,13630.0,13740.0
2021-08-11,13920.0,14360.0,13810.0,14340.0,6428212635810,448320900,48293,13680.0,14360.0
2021-08-14,14600.0,14650.0,13900.0,14350.0,3533402572830,246200993,42168,14340.0,14500.0
2021-08-15,14370.0,14960.0,14060.0,14750.0,2385128773140,161653540,29896,14350.0,14830.0
2021-08-22,14690.0,15000.0,14170.0,14520.0,3773000787790,259854354,55269,14750.0,14470.0
2021-08-23,14500.0,14630.0,14100.0,14360.0,2092738239270,145717885,33241,14520.0,14260.0
2021-08-24,14330.0,14790.0,14170.0,14540.0,1962320399620,134960826,30733,14360.0,14490.0
2021-08-25,14600.0,14650.0,14110.0,14320.0,2573156324060,179644945,39269,14540.0,14300.0
2021-08-28,14340.0,14800.0,14340.0,14610.0,2285939809010,156505636,34656,14320.0,14620.0
2021-08-29,14790.0,15170.0,14010.0,14620.0,3556004699380,243207823,47189,14610.0,14110.0
2021-08-30,13990.0,14490.0,13890.0,13990.0,1589071419610,113625881,21482,14620.0,13890.0
2021-08-31,13300.0,13830.0,13300.0,13410.0,3005071096150,224096874,35400,13990.0,13300.0
2021-09-01,13200.0,13690.0,13060.0,13440.0,1527058800440,113640455,25533,13410.0,13580.0
2021-09-04,13700.0,13800.0,13260.0,13480.0,1655971553710,122826597,29279,13440.0,13360.0
2021-09-05,13400.0,13470.0,13030.0,13190.0,1785350233830,135317342,30399,13480.0,13090.0
2021-09-06,13090.0,13400.0,12880.0,13110.0,1843394600700,140559039,36816,13190.0,12940.0
2021-09-07,12930.0,13090.0,12800.0,12950.0,1384242767320,106856335,31026,13110.0,12910.0
2021-09-08,13000.0,13590.0,12980.0,13460.0,3089565580250,229587860,53540,12950.0,13590.0
2021-09-11,13690.0,13960.0,13270.0,13580.0,1527717361110,112458233,25338,13460.0,13420.0
2021-09-12,13420.0,13450.0,12910.0,12990.0,1743471601970,134219010,28764,13580.0,13020.0
2021-09-13,12900.0,13210.0,12500.0,12840.0,987739492700,76932006,20428,12990.0,12860.0
2021-09-14,12880.0,13260.0,12880.0,13070.0,928022576130,70994700,21168,12840.0,13030.0
2021-09-15,13060.0,13060.0,12640.0,12810.0,1156481132460,90270557,31618,13070.0,12730.0
2021-09-18,13000.0,13190.0,12520.0,12870.0,1589816847320,123529535,27056,12810.0,12960.0
2021-09-19,12920.0,13170.0,12560.0,12870.0,1476477981630,114685691,24512,12870.0,13030.0
2021-09-20,13130.0,13170.0,12850.0,12970.0,898140301560,69226423,16348,12870.0,12990.0
2021-09-21,12930.0,12990.0,12330.0,12440.0,1433804284410,115275085,24110,12970.0,12460.0
2021-09-22,12500.0,12640.0,12010.0,12330.0,1151777641890,93379022,22018,12440.0,12510.0
2021-09-25,12620.0,12890.0,12530.0,12740.0,954788394980,74946067,18425,12330.0,12760.0
2021-09-26,12860.0,12900.0,12400.0,12590.0,687343947720,54585215,14994,12740.0,12500.0
2021-09-28,12590.0,12840.0,12400.0,12530.0,624056519820,49817707,14498,12590.0,12430.0
2021-09-29,12420.0,12860.0,12410.0,12650.0,829992157480,65611416,14968,12530.0,12760.0
2021-10-02,12800.0,13230.0,12710.0,13030.0,1099058249050,84338414,19415,12650.0,13090.0
2021-10-03,13000.0,13110.0,12820.0,12990.0,989329103520,76158000,14596,13030.0,13070.0
2021-10-04,13000.0,13240.0,12960.0,13130.0,575401055810,43827789,11625,12990.0,13080.0
2021-10-06,13130.0,13200.0,12970.0,13020.0,717006810860,55051327,13772,13130.0,13090.0
2021-10-09,13210.0,13370.0,12910.0,13130.0,1588417487990,120979142,25342,13020.0,13000.0
2021-10-10,13010.0,13100.0,12900.0,13000.0,779874091240,60005323,14085,13130.0,13050.0
2021-10-11,13130.0,13240.0,12850.0,12990.0,732714199290,56385931,14219,13000.0,12890.0
2021-10-12,12900.0,12900.0,12350.0,12440.0,1219476865790,98011403,17960,12990.0,12350.0
2021-10-13,12370.0,12600.0,12040.0,12230.0,813401131410,66485175,14407,12440.0,12360.0
2021-10-16,12540.0,12840.0,12540.0,12830.0,703015302160,54786346,7926,12230.0,12840.0
2021-10-17,13100.0,13190.0,12880.0,13000.0,2646101186520,203521730,36941,12830.0,12970.0
2021-11-06,12780.0,12780.0,12310.0,12630.0,3185071379600,252271761,31768,11650.0,12400.0
2021-11-07,12490.0,12580.0,12000.0,12170.0,3466989699210,284848620,43785,12630.0,12000.0
2021-11-08,12120.0,12340.0,11880.0,12040.0,1902380212330,158012209,27495,12170.0,11910.0
2021-11-09,11950.0,12320.0,11890.0,12070.0,1310130069880,108512002,21395,12040.0,11990.0
2021-11-10,12090.0,12250.0,11930.0,12120.0,1303905738420,107613120,20756,12070.0,12130.0
2021-11-13,12000.0,12000.0,11530.0,11750.0,1077986797550,91781472,19705,12120.0,11580.0
2021-11-14,11720.0,11940.0,11310.0,11550.0,1175902321080,101813240,21648,11750.0,11410.0
2021-11-15,11420.0,11490.0,10980.0,11090.0,1288788817830,116202381,22869,11550.0,10980.0
2021-11-16,10750.0,11190.0,10670.0,10940.0,813807468380,74364772,16025,11090.0,10970.0
2021-11-17,10960.0,11220.0,10930.0,11040.0,703831308480,63776954,14814,10940.0,10930.0
2021-11-20,10910.0,11000.0,10490.0,10580.0,1265842023970,119659846,25247,11040.0,10490.0
2021-11-21,10400.0,11100.0,10380.0,10830.0,1291992135540,119248582,17875,10580.0,11100.0
2021-11-22,11370.0,11370.0,11370.0,11370.0,441467435670,38827391,3777,10830.0,11370.0
2021-11-23,11850.0,11930.0,11610.0,11800.0,3442306373140,291597953,46202,11370.0,11660.0
2021-11-24,11690.0,11840.0,11410.0,11590.0,1097798986680,94755761,17607,11800.0,11500.0
2021-11-27,11260.0,11260.0,11020.0,11070.0,1016407527620,91775343,15524,11590.0,11020.0
2021-11-28,10810.0,11620.0,10810.0,11300.0,930007644550,82320083,15925,11070.0,11180.0
2021-11-29,11310.0,11490.0,11000.0,11240.0,570740655520,50800226,11541,11300.0,11100.0
2021-11-30,11420.0,11420.0,11080.0,11190.0,559791098520,50034910,9551,11240.0,11100.0
2021-12-01,11020.0,11100.0,10760.0,10910.0,559533005810,51277288,10034,11190.0,10930.0
2021-12-04,11150.0,11150.0,10590.0,10850.0,695550664600,64091937,11885,10910.0,10950.0
2021-12-05,10880.0,11050.0,10820.0,10910.0,505965136720,46371967,9427,10850.0,10850.0
2021-12-06,10740.0,11110.0,10740.0,10870.0,487129207110,44818930,8698,10910.0,10760.0
2021-12-07,10740.0,10850.0,10680.0,10760.0,471199331890,43806059,7709,10870.0,10700.0
2021-12-08,10710.0,10950.0,10520.0,10750.0,709009236860,65980372,11741,10760.0,10750.0
2021-12-11,10800.0,10980.0,10630.0,10720.0,378094808880,35269621,8454,10750.0,10630.0
2021-12-12,10780.0,10790.0,10260.0,10420.0,429887337130,41272290,7994,10720.0,10370.0
2021-12-13,10310.0,10440.0,9900.0,10050.0,920066028330,91540524,15640,10420.0,9900.0
2021-12-14,9840.0,10220.0,9820.0,10010.0,550522316290,54986097,9958,10050.0,10030.0
2021-12-15,10050.0,10140.0,9920.0,10000.0,389420895030,38955116,8324,10010.0,9980.0
2021-12-18,10110.0,10300.0,10050.0,10120.0,329496690540,32556027,8484,10000.0,10090.0
2021-12-19,10100.0,10120.0,9730.0,9850.0,334692436870,33994036,8623,10120.0,9760.0
2021-12-20,9930.0,10020.0,9800.0,9900.0,459387970300,46413981,8125,9850.0,9900.0
2021-12-21,10040.0,10210.0,9890.0,10070.0,491953379400,48837887,6980,9900.0,10170.0
2021-12-22,10570.0,10570.0,10570.0,10570.0,334272592780,31624654,3031,10070.0,10570.0
2021-12-25,11090.0,11090.0,11090.0,11090.0,509226583240,45917636,5836,10570.0,11090.0
2021-12-26,11110.0,11480.0,11010.0,11210.0,2031371780200,181278736,31623,11090.0,11320.0
2021-12-27,11400.0,11550.0,11060.0,11260.0,1465101109180,130099276,23673,11210.0,11190.0
2021-12-28,11190.0,11190.0,10940.0,11020.0,1318930955690,119634201,22978,11260.0,10960.0
2021-12-29,10860.0,11160.0,10860.0,11000.0,2601216832340,236542345,43837,11020.0,10970.0
2022-03-02,900.0,943.0,900.0,912.0,1908008301555,2091419810,24350,950.0,928.0
2022-03-05,937.0,957.0,922.0,950.0,2917540736507,3071847825,59295,912.0,957.0
2022-03-06,965.0,975.0,945.0,957.0,1480159655901,1546834657,37409,950.0,952.0
2022-03-07,956.0,969.0,925.0,947.0,1682636432943,1777655588,38285,957.0,930.0
2022-03-08,926.0,934.0,909.0,918.0,1130268925525,1231607889,28381,947.0,912.0
2022-03-09,911.0,935.0,910.0,922.0,911352469253,988923189,22260,918.0,920.0
2022-03-12,905.0,909.0,885.0,892.0,827815733263,928213936,21879,922.0,887.0
2022-03-13,885.0,896.0,870.0,883.0,693882064561,785479290,18050,892.0,882.0
2022-03-14,882.0,895.0,875.0,882.0,449381027631,509360862,13893,883.0,879.0
2022-03-15,880.0,894.0,872.0,884.0,486780572633,550368822,12323,882.0,883.0
2022-03-16,887.0,928.0,887.0,913.0,704556133368,771507064,15681,884.0,928.0
2022-03-19,940.0,958.0,928.0,950.0,1157718741678,1218199038,21133,913.0,958.0
2022-03-26,962.0,966.0,934.0,945.0,789852542689,835505813,19105,950.0,940.0
2022-03-27,947.0,963.0,934.0,949.0,711183203093,749489366,16321,945.0,947.0
2022-03-28,955.0,996.0,949.0,993.0,1958770284757,1973556492,22354,949.0,996.0
2022-03-29,1042.0,1042.0,1005.0,1031.0,3076124915727,2983810909,46004,993.0,1015.0
2022-03-30,1020.0,1040.0,1005.0,1028.0,1124339795657,1094029354,22361,1031.0,1031.0
2022-04-03,1035.0,1060.0,1027.0,1047.0,1332887942832,1273028761,24321,1028.0,1047.0
2022-04-04,1053.0,1066.0,1006.0,1030.0,1870269795341,1815665441,36212,1047.0,1017.0
2022-04-05,1016.0,1035.0,1006.0,1017.0,1843264287669,1813304412,30953,1030.0,1013.0
2022-04-10,1020.0,1048.0,1020.0,1029.0,919117016115,893391287,16183,1017.0,1025.0
2022-04-11,1033.0,1037.0,1002.0,1017.0,1304945280470,1283510770,29010,1029.0,1010.0
2022-04-12,1005.0,1008.0,967.0,975.0,1668312810556,1710798286,33430,1017.0,967.0
2022-04-13,950.0,999.0,950.0,983.0,835490030554,849867629,18616,975.0,988.0
2022-04-16,995.0,1009.0,976.0,985.0,828148062018,840418435,19292,983.0,983.0
2022-04-17,992.0,1010.0,961.0,987.0,1109625580944,1124061892,22282,985.0,1004.0
2022-04-18,1010.0,1036.0,1004.0,1031.0,2948372607889,2860805270,36353,987.0,1021.0
2022-04-19,1025.0,1048.0,1016.0,1030.0,1297745109288,1259360420,24031,1031.0,1024.0
2022-04-20,1025.0,1035.0,1012.0,1021.0,1003952381378,983290686,19611,1030.0,1024.0
2022-04-24,1028.0,1040.0,1012.0,1022.0,905230844083,885507789,18152,1021.0,1015.0
2022-04-25,1018.0,1033.0,1007.0,1019.0,846295437493,830860261,17659,1022.0,1027.0
2022-04-26,1035.0,1049.0,1026.0,1036.0,1213283831227,1171035379,22411,1019.0,1035.0
2022-04-27,1042.0,1051.0,1027.0,1039.0,1367740013835,1316844786,26083,1036.0,1032.0
2022-04-30,1038.0,1038.0,1015.0,1024.0,1073018959278,1048328041,23425,1039.0,1017.0
2022-05-01,1016.0,1037.0,1010.0,1018.0,979254967729,962067669,19075,1024.0,1016.0
2022-05-02,1018.0,1025.0,1008.0,1015.0,894117748504,880531417,18179,1018.0,1018.0
2022-05-07,1028.0,1045.0,1021.0,1032.0,1522988742730,1475156776,27913,1015.0,1042.0
2022-05-08,1048.0,1083.0,1046.0,1069.0,2261458425325,2115492913,37978,1032.0,1063.0
2022-05-09,1069.0,1069.0,1030.0,1044.0,1420931601928,1361130705,24036,1069.0,1035.0
2022-05-10,1032.0,1050.0,1025.0,1037.0,840169987009,809840509,16296,1044.0,1035.0
2022-05-11,1040.0,1083.0,1039.0,1065.0,1533551564761,1439878510,24496,1037.0,1068.0
2022-05-14,1072.0,1087.0,1054.0,1069.0,1607073417467,1503346228,26666,1065.0,1076.0
2022-05-15,1080.0,1085.0,1040.0,1058.0,1175769082545,1110926166,20893,1069.0,1061.0
2022-05-16,1068.0,1080.0,1055.0,1065.0,1176531537166,1104965747,26285,1058.0,1071.0
2022-05-17,1078.0,1103.0,1065.0,1081.0,1676415558952,1550667794,24935,1065.0,1068.0
2022-05-18,1069.0,1076.0,1054.0,1061.0,1016185646599,958062377,17806,1081.0,1058.0
2022-05-21,1050.0,1052.0,1035.0,1040.0,907639494526,872551215,17322,1061.0,1039.0
2022-05-22,1042.0,1052.0,1032.0,1039.0,683938302125,658176852,13569,1040.0,1039.0
2022-05-23,1039.0,1044.0,1002.0,1013.0,1239748383534,1223923316,23027,1039.0,1009.0
2022-05-24,1010.0,1033.0,1001.0,1013.0,872653012732,861148558,17073,1013.0,1021.0
2022-05-25,1017.0,1040.0,1007.0,1015.0,890485719543,877161322,16413,1013.0,1014.0
2022-05-28,1017.0,1033.0,996.0,1003.0,832169307098,829624587,19926,1015.0,997.0
2022-05-29,994.0,1001.0,982.0,989.0,872960716971,882337666,17974,1003.0,994.0
2022-05-30,1000.0,1000.0,981.0,987.0,608924462462,617040378,15959,989.0,982.0
2022-05-31,996.0,997.0,982.0,987.0,563932600134,571424466,12580,987.0,983.0
2022-06-01,989.0,990.0,972.0,982.0,676408392803,688638282,14453,987.0,984.0
2022-06-06,980.0,981.0,942.0,956.0,861856046084,901901010,19756,982.0,950.0
2022-06-07,950.0,965.0,945.0,957.0,519065425028,542635868,12223,956.0,953.0
2022-06-08,950.0,982.0,950.0,965.0,551311360664,571454441,12121,957.0,975.0
2022-06-11,967.0,971.0,951.0,961.0,452335399002,470818925,10817,965.0,963.0
2022-06-12,955.0,999.0,953.0,982.0,657375051997,669548065,13371,961.0,993.0
2022-06-13,999.0,1030.0,990.0,1010.0,731507666882,724320038,15195,982.0,1005.0
2022-06-14,1007.0,1007.0,988.0,997.0,773004143046,775433367,13921,1010.0,990.0
2022-06-15,990.0,992.0,972.0,979.0,443138274669,452579076,10182,997.0,974.0
2022-06-18,971.0,977.0,950.0,958.0,619483980931,646793034,13203,979.0,960.0
2022-06-19,970.0,974.0,952.0,962.0,429117230603,446151484,10216,958.0,960.0
2022-06-20,960.0,983.0,953.0,963.0,496601405017,515514146,10365,962.0,958.0
2022-06-21,973.0,973.0,952.0,955.0,364820735465,381948907,9628,963.0,955.0
2022-06-22,955.0,960.0,942.0,948.0,442315631749,466788995,11496,955.0,948.0
2022-06-25,943.0,963.0,943.0,949.0,447816248849,472109431,10580,948.0,944.0
2022-06-26,949.0,950.0,919.0,928.0,601133791661,647439174,13269,949.0,919.0
2022-06-27,922.0,940.0,921.0,930.0,410452570594,441245943,10293,928.0,932.0
2022-06-28,939.0,955.0,932.0,944.0,422327859122,447289542,9214,930.0,945.0
2022-06-29,949.0,952.0,934.0,944.0,350537963947,371409663,7586,944.0,949.0
2022-07-02,938.0,940.0,926.0,930.0,396844365085,426737276,8770,944.0,929.0
2022-07-03,925.0,942.0,922.0,935.0,363306123852,388690463,7743,930.0,935.0
2022-07-04,935.0,960.0,933.0,945.0,405732233697,429427492,7898,935.0,936.0
2022-07-05,937.0,949.0,934.0,941.0,327032469540,347720152,6922,945.0,940.0
2022-07-06,935.0,942.0,925.0,932.0,385852481994,413845070,8156,941.0,932.0
2022-07-09,929.0,933.0,918.0,928.0,398639596950,429695836,8526,932.0,926.0
2022-07-11,925.0,928.0,918.0,922.0,587170711759,636521575,10187,928.0,919.0
2022-07-12,919.0,927.0,910.0,919.0,380475932196,413811563,7541,922.0,921.0
2022-07-13,920.0,939.0,917.0,932.0,277379672114,297632079,6104,919.0,930.0
2022-07-16,926.0,947.0,919.0,926.0,381142137609,411409780,8163,932.0,921.0
2022-07-17,920.0,921.0,910.0,913.0,412861222606,452209812,8678,926.0,912.0
2022-07-19,913.0,922.0,910.0,916.0,314793286443,343510783,6379,913.0,918.0
2022-07-20,919.0,934.0,916.0,926.0,375517557996,405389419,7114,916.0,923.0
2022-07-23,930.0,971.0,930.0,955.0,834177248887,873759363,15096,926.0,960.0
2022-07-24,967.0,967.0,933.0,944.0,350392248665,371177048,7588,955.0,934.0
2022-07-25,935.0,935.0,912.0,919.0,427226486106,464772100,8633,944.0,917.0
2022-07-26,917.0,927.0,917.0,920.0,337368496570,366673137,6263,919.0,920.0
2022-07-27,920.0,933.0,919.0,922.0,208433249964,225944497,5033,920.0,923.0
2022-07-30,928.0,942.0,919.0,929.0,300500715470,323308607,6728,922.0,921.0
2022-07-31,923.0,923.0,908.0,912.0,391569654268,429244621,7766,929.0,914.0
2022-08-01,927.0,927.0,915.0,919.0,221551080461,241134036,4687,912.0,916.0
2022-08-02,916.0,936.0,913.0,921.0,232455085238,252398895,5039,919.0,921.0
2022-08-03,922.0,935.0,919.0,924.0,269316927240,291561703,5543,921.0,927.0
2022-08-06,926.0,965.0,926.0,948.0,473645432776,499514650,9329,924.0,948.0
2022-08-09,946.0,951.0,938.0,943.0,270235037554,286635052,6049,948.0,940.0
2022-08-10,938.0,945.0,926.0,932.0,446427670924,478843788,5959,943.0,933.0
2022-08-13,940.0,978.0,939.0,975.0,1558339513995,1598694997,19518,932.0,978.0
2022-08-14,984.0,985.0,953.0,967.0,556040633570,574940896,9931,975.0,965.0
2022-08-15,965.0,989.0,956.0,975.0,357767154712,366965702,7326,967.0,976.0
2022-08-16,982.0,988.0,965.0,973.0,510672705540,524888241,7656,975.0,966.0
2022-08-17,973.0,977.0,961.0,965.0,309270031476,320642223,5566,973.0,965.0
2022-08-20,961.0,962.0,950.0,956.0,339794509261,355379040,6331,965.0,957.0
2022-08-21,956.0,966.0,950.0,953.0,350843465737,367971819,5788,956.0,950.0
2022-08-22,951.0,962.0,951.0,957.0,265119725352,277009654,5022,953.0,956.0
2022-08-23,963.0,975.0,952.0,966.0,284983768042,294930979,5643,957.0,969.0
2022-08-24,970.0,987.0,961.0,977.0,342211361421,350441503,7255,966.0,982.0
2022-08-27,973.0,990.0,971.0,981.0,498279080834,507974735,8956,977.0,975.0
2022-08-28,979.0,982.0,969.0,977.0,299169926564,306195699,4835,981.0,981.0
2022-08-29,978.0,983.0,972.0,979.0,290466668162,296776322,5336,977.0,980.0
2022-08-30,976.0,983.0,972.0,978.0,342734040082,350324155,5264,979.0,977.0
2022-08-31,979.0,980.0,970.0,974.0,226536084786,232610950,4335,978.0,973.0
2022-09-03,970.0,975.0,952.0,960.0,343677675961,357981212,5844,974.0,964.0
2022-09-04,955.0,969.0,955.0,963.0,193808235508,201315747,4226,960.0,964.0
2022-09-05,965.0,966.0,958.0,961.0,244786736439,254637650,4484,963.0,958.0
2022-09-06,958.0,958.0,950.0,952.0,182405929544,191662726,4476,961.0,958.0
2022-09-07,954.0,954.0,935.0,945.0,268639271498,284265933,5566,952.0,940.0
2022-09-10,936.0,939.0,928.0,932.0,415705282146,446079301,6532,945.0,931.0
2022-09-11,932.0,933.0,927.0,930.0,272551228856,293178072,5360,932.0,929.0
2022-09-12,930.0,940.0,923.0,928.0,525760782742,566250823,7058,930.0,929.0
2022-09-13,930.0,940.0,925.0,930.0,246184161134,264736229,5343,928.0,929.0
2022-09-14,930.0,940.0,927.0,932.0,274344684091,294457440,4926,930.0,931.0
2022-09-18,925.0,930.0,917.0,920.0,307689386017,334276478,6546,932.0,920.0
2022-09-19,916.0,927.0,915.0,920.0,260575888892,283291506,5019,920.0,921.0
2022-09-20,921.0,922.0,915.0,917.0,234272801324,255354166,4672,920.0,916.0
2022-09-21,916.0,917.0,910.0,912.0,321779885530,352874733,5674,917.0,912.0
2022-09-24,909.0,909.0,882.0,894.0,541731403677,605942152,9927,912.0,899.0
2022-09-26,889.0,917.0,889.0,905.0,221125614174,244409973,5324,894.0,905.0
2022-09-28,910.0,923.0,901.0,912.0,236857963882,259671035,5876,905.0,908.0
2022-10-01,906.0,909.0,885.0,893.0,346669653490,388233850,7967,912.0,886.0
2022-10-02,885.0,896.0,884.0,891.0,346052622845,388323707,5856,893.0,893.0
2022-10-03,893.0,897.0,883.0,889.0,256337949256,288297289,5231,891.0,890.0
2022-10-04,888.0,898.0,881.0,885.0,276473754039,312246452,5549,889.0,883.0
2022-10-08,886.0,897.0,879.0,885.0,354936525248,401192823,7379,885.0,880.0
2022-10-09,880.0,880.0,854.0,863.0,559146607467,647789733,9578,885.0,859.0
2022-10-10,863.0,881.0,856.0,860.0,470025568646,546335289,8753,863.0,857.0
2022-10-11,859.0,871.0,859.0,864.0,407025590476,470976256,7936,860.0,870.0
2022-10-12,870.0,882.0,866.0,874.0,244919949468,280338892,6199,864.0,879.0
2022-10-15,880.0,885.0,874.0,880.0,303404617246,344956814,6228,874.0,880.0
2022-10-16,882.0,884.0,870.0,875.0,332240840340,379499243,6216,880.0,873.0
2022-10-17,874.0,879.0,866.0,874.0,565456056009,646605941,9448,875.0,879.0
2022-10-31,763.0,768.0,753.0,761.0,604754570231,794196413,10249,739.0,764.0
2022-11-01,770.0,788.0,765.0,772.0,511171836275,661719623,12699,761.0,768.0
2022-11-02,771.0,776.0,761.0,769.0,461726986421,600418970,10128,772.0,767.0
2022-11-05,767.0,807.0,766.0,799.0,976089482250,1221382588,15343,769.0,807.0
2022-11-06,811.0,823.0,800.0,812.0,434187434621,534718955,9450,799.0,813.0
2022-11-07,816.0,852.0,814.0,846.0,836395801856,988916430,12667,812.0,852.0
2022-11-08,874.0,884.0,843.0,857.0,719730580291,839836968,14450,846.0,844.0
2022-11-09,853.0,873.0,832.0,857.0,606183072294,707691512,11634,857.0,869.0
2022-11-12,859.0,877.0,849.0,864.0,630037312207,729380850,10964,857.0,850.0
2022-11-13,853.0,865.0,835.0,843.0,422159157319,500670430,9576,864.0,837.0
2022-11-14,840.0,845.0,815.0,827.0,411515447114,497447975,9150,843.0,828.0
2022-11-15,827.0,839.0,826.0,830.0,349533608680,420980242,6480,827.0,829.0
2022-11-16,830.0,847.0,825.0,838.0,387513970330,462395351,6564,830.0,837.0
2022-11-19,833.0,833.0,803.0,815.0,339420788084,416660755,7808,838.0,816.0
2022-11-20,817.0,838.0,813.0,830.0,270894837250,326458930,5814,815.0,833.0
2022-11-21,840.0,848.0,830.0,841.0,307739061146,366133741,6376,830.0,836.0
2022-11-22,845.0,846.0,837.0,841.0,218280195479,259615975,6099,841.0,843.0
2022-11-23,848.0,848.0,841.0,845.0,214346473985,253745803,5703,841.0,842.0
2022-11-26,848.0,849.0,834.0,840.0,346888656728,412890045,6796,845.0,841.0
2022-11-27,835.0,844.0,831.0,839.0,310639293108,370384878,6331,840.0,841.0
2022-11-28,841.0,858.0,839.0,848.0,424216957340,500327454,7737,839.0,854.0
2022-11-29,857.0,863.0,841.0,857.0,386811239028,451317096,7137,848.0,861.0
2022-11-30,862.0,864.0,851.0,860.0,329615050548,383055798,5976,857.0,853.0
2022-12-03,848.0,861.0,846.0,852.0,385546619482,452756494,7434,860.0,855.0
2022-12-04,855.0,857.0,842.0,848.0,337163822426,397425768,6704,852.0,852.0
2022-12-05,843.0,849.0,839.0,843.0,234591570484,278309503,5626,848.0,846.0
2022-12-06,842.0,844.0,834.0,838.0,267238759963,318800070,6009,843.0,839.0
2022-12-07,839.0,839.0,831.0,834.0,335351913054,402279939,6822,838.0,833.0
2022-12-10,830.0,832.0,819.0,823.0,394416669425,479462200,7876,834.0,820.0
2022-12-11,820.0,836.0,817.0,827.0,264812372538,320044367,5510,823.0,830.0
2022-12-12,834.0,855.0,833.0,848.0,458793196012,541166386,7655,827.0,854.0
2022-12-13,871.0,890.0,855.0,887.0,1300234854649,1466209713,18373,848.0,890.0
2022-12-14,903.0,918.0,891.0,901.0,607750236823,674324402,11337,887.0,894.0
2022-12-17,899.0,899.0,883.0,890.0,370995163405,416894984,8166,901.0,891.0
2022-12-18,893.0,917.0,893.0,906.0,537576763112,593292067,10846,890.0,899.0
2022-12-19,906.0,949.0,906.0,927.0,1123926798355,1212311692,17871,906.0,920.0
2022-12-20,917.0,920.0,896.0,906.0,471390935012,520158934,9671,927.0,904.0
2022-12-21,904.0,919.0,891.0,911.0,371571670617,408090055,6689,906.0,915.0
2022-12-24,937.0,956.0,935.0,953.0,1682876450104,1766517013,20007,911.0,956.0
2022-12-25,970.0,972.0,952.0,963.0,896993933085,931578018,15130,953.0,963.0
2022-12-26,967.0,989.0,952.0,970.0,841120438485,867536634,13157,963.0,974.0
2022-12-28,989.0,1018.0,985.0,1017.0,2519720589771,2477097272,25291,970.0,1018.0
2022-12-31,998.0,998.0,967.0,973.0,2099165079973,2157847766,28918,1017.0,968.0
2023-01-01,957.0,985.0,943.0,958.0,839309483641,876166698,15828,973.0,964.0
2023-01-02,970.0,1004.0,965.0,994.0,897706452869,903250325,14492,958.0,990.0
2023-01-03,1001.0,1027.0,979.0,996.0,989045457687,993181528,15692,994.0,982.0
2023-01-04,981.0,989.0,962.0,975.0,558584944346,572893132,9778,996.0,985.0
2023-01-07,987.0,1023.0,986.0,1004.0,1156242256938,1151186667,17162,975.0,1023.0
2023-01-08,1036.0,1054.0,1036.0,1054.0,1959544661310,1859837961,14756,1004.0,1054.0
2023-01-09,1094.0,1106.0,1058.0,1092.0,3729551314490,3416097206,41706,1054.0,1106.0
2023-01-10,1120.0,1129.0,1079.0,1100.0,1497695633862,1361604734,26865,1092.0,1083.0
2023-01-11,1090.0,1090.0,1045.0,1062.0,1556178388030,1465454575,26217,1100.0,1045.0
2023-01-14,1021.0,1072.0,1010.0,1049.0,975959291480,930479870,15952,1062.0,1069.0
2023-01-16,1076.0,1101.0,1076.0,1096.0,1602232404208,1462144369,22079,1049.0,1101.0
2023-01-17,1114.0,1133.0,1071.0,1095.0,1197007410700,1093231535,21606,1096.0,1077.0
2023-01-18,1082.0,1102.0,1064.0,1082.0,807777110844,746716512,15227,1095.0,1086.0
2023-01-21,1094.0,1095.0,1036.0,1052.0,948073643148,901527745,17072,1082.0,1047.0
2023-01-22,1041.0,1068.0,1018.0,1043.0,845878376476,810673996,15797,1052.0,1056.0
2023-01-23,1062.0,1068.0,1017.0,1036.0,651713481539,629196934,13565,1043.0,1029.0
2023-01-24,1038.0,1038.0,1013.0,1019.0,499611546278,490470234,11695,1036.0,1020.0
2023-01-25,1020.0,1020.0,977.0,991.0,837237745973,845220747,17454,1019.0,989.0
2023-01-28,999.0,1000.0,971.0,983.0,740489419104,753442649,14836,991.0,975.0
2023-01-29,970.0,975.0,934.0,937.0,1120965906485,1195894610,20225,983.0,945.0
2023-01-30,920.0,969.0,915.0,944.0,495567998322,524750835,12329,937.0,966.0
2023-01-31,965.0,976.0,942.0,951.0,533262768553,560573134,11857,944.0,954.0
2023-02-01,951.0,954.0,937.0,945.0,382793105247,404985544,8262,951.0,950.0
2023-02-05,950.0,955.0,914.0,931.0,526112237684,565278998,12637,945.0,916.0
2023-02-06,917.0,945.0,900.0,928.0,418279523815,450651515,8591,931.0,936.0
2023-02-07,947.0,964.0,941.0,952.0,234165309589,245879665,5962,928.0,953.0
2023-02-08,959.0,960.0,947.0,951.0,368540542867,387682776,6953,952.0,950.0
2023-02-12,942.0,945.0,935.0,940.0,349607283703,371810612,6977,951.0,942.0
2023-02-13,935.0,964.0,935.0,952.0,255260170633,268197357,5877,940.0,945.0
2023-02-14,943.0,950.0,932.0,940.0,275405295245,292956784,7203,952.0,933.0
2023-02-15,930.0,939.0,924.0,931.0,382228650380,410556590,6875,940.0,930.0
2023-02-19,930.0,953.0,930.0,943.0,488823472857,518452513,8127,931.0,946.0
2023-02-20,960.0,990.0,960.0,988.0,545685823149,552537876,6803,943.0,990.0
2023-02-21,1037.0,1037.0,1024.0,1037.0,1826259794654,1761445053,16339,988.0,1037.0
2023-02-22,1039.0,1087.0,1021.0,1058.0,2001520790204,1892068496,26312,1037.0,1081.0
2023-02-25,1110.0,1110.0,1110.0,1110.0,2343820176990,2111549709,15571,1058.0,1110.0
2023-02-26,1165.0,1165.0,1136.0,1164.0,8330611799464,7155605464,62201,1110.0,1165.0
2023-02-27,1155.0,1221.0,1134.0,1184.0,3993404743465,3374128863,46476,1164.0,1181.0
2023-02-28,1190.0,1242.0,1158.0,1214.0,2774924893046,2286227228,31803,1184.0,1210.0
2023-03-01,1195.0,1207.0,1154.0,1171.0,2674619440720,2283724974,33493,1214.0,1154.0
2023-03-04,1140.0,1154.0,1126.0,1139.0,1166227772789,1024318660,18576,1171.0,1133.0
2023-03-05,1133.0,1170.0,1132.0,1147.0,827763239885,721945565,13036,1139.0,1138.0
2023-03-06,1144.0,1165.0,1115.0,1139.0,783770758270,687827334,12963,1147.0,1147.0
2023-03-07,1148.0,1195.0,1137.0,1186.0,2481152028223,2092129775,23865,1139.0,1195.0
2023-03-11,1200.0,1228.0,1155.0,1177.0,1526162393051,1296324055,25710,1186.0,1157.0
2023-03-12,1148.0,1154.0,1126.0,1137.0,950699067925,836422330,16870,1177.0,1133.0
2023-03-13,1128.0,1159.0,1123.0,1135.0,885930403101,780819959,18053,1137.0,1129.0
2023-03-14,1133.0,1179.0,1133.0,1157.0,1012549058834,875462625,23336,1135.0,1170.0
2023-03-15,1210.0,1214.0,1187.0,1210.0,2274179646456,1879105642,21497,1157.0,1214.0
2023-03-18,1240.0,1270.0,1233.0,1269.0,3175270183646,2501700949,23661,1210.0,1270.0
2023-03-19,1302.0,1323.0,1255.0,1294.0,1906619305873,1473289796,24117,1269.0,1300.0
2023-03-25,1320.0,1335.0,1265.0,1299.0,1481171045147,1140134070,22338,1294.0,1286.0
2023-03-26,1300.0,1332.0,1268.0,1297.0,1929582333401,1487456556,28202,1299.0,1269.0
2023-03-27,1268.0,1308.0,1254.0,1292.0,1183184575050,916106590,20626,1297.0,1301.0
2023-03-28,1301.0,1328.0,1275.0,1293.0,1764952680264,1364821549,23509,1292.0,1305.0
2023-03-29,1314.0,1357.0,1290.0,1340.0,3002239200141,2240195918,31378,1293.0,1357.0
2023-04-03,1340.0,1371.0,1300.0,1343.0,1846366254703,1374956743,24586,1340.0,1355.0
2023-04-04,1360.0,1387.0,1318.0,1342.0,2086028575935,1553962253,29078,1343.0,1323.0
2023-04-05,1317.0,1372.0,1301.0,1352.0,2017628443185,1492428528,23372,1342.0,1359.0
2023-04-08,1370.0,1419.0,1352.0,1410.0,3599140218169,2553238107,34820,1352.0,1388.0
2023-04-09,1399.0,1436.0,1389.0,1410.0,2089703735328,1482410796,27787,1410.0,1417.0
2023-04-10,1420.0,1434.0,1340.0,1382.0,2900261517422,2098760874,40773,1410.0,1357.0
2023-04-11,1362.0,1376.0,1338.0,1359.0,1635142582584,1203173363,21795,1382.0,1373.0
2023-04-15,1380.0,1426.0,1377.0,1421.0,2664872865017,1875836329,28030,1359.0,1426.0
2023-04-16,1437.0,1438.0,1397.0,1413.0,1975685790506,1398220351,28114,1421.0,1406.0
2023-04-17,1402.0,1435.0,1378.0,1412.0,1846870272869,1307677100,23823,1413.0,1414.0
2023-04-18,1424.0,1475.0,1414.0,1445.0,2492323547392,1725039434,26453,1412.0,1442.0
2023-04-19,1440.0,1470.0,1421.0,1440.0,1893427257135,1314559284,23070,1445.0,1430.0
2023-04-24,1436.0,1453.0,1421.0,1436.0,1382010993361,962136276,18193,1440.0,1449.0
2023-04-25,1440.0,1495.0,1440.0,1469.0,2089334161545,1422344693,21144,1436.0,1450.0
2023-04-26,1461.0,1490.0,1432.0,1457.0,1637289949964,1123809081,20774,1469.0,1460.0
2023-04-29,1450.0,1529.0,1449.0,1526.0,6040824711491,3958147865,41840,1457.0,1529.0
2023-04-30,1579.0,1579.0,1538.0,1553.0,2331369799240,1500799538,28081,1526.0,1553.0
2023-05-01,1560.0,1561.0,1520.0,1544.0,1878659696540,1216855223,24035,1553.0,1548.0
2023-05-02,1545.0,1569.0,1531.0,1546.0,2338624202235,1512404882,28832,1544.0,1544.0
2023-05-03,1548.0,1550.0,1497.0,1513.0,2978165421594,1968044252,38023,1546.0,1510.0
2023-05-06,1530.0,1571.0,1528.0,1545.0,2956777964090,1913774775,29456,1513.0,1539.0
2023-05-07,1562.0,1565.0,1468.0,1478.0,2312093124553,1564262345,23270,1545.0,1468.0
2023-05-08,1407.0,1428.0,1405.0,1407.0,2186727724033,1554323617,19146,1478.0,1405.0
2023-05-09,1345.0,1444.0,1345.0,1400.0,2569468465847,1835680860,30792,1407.0,1437.0
2023-05-10,1440.0,1440.0,1335.0,1365.0,2438374283759,1785853172,27603,1400.0,1368.0
2023-05-13,1348.0,1365.0,1297.0,1322.0,3219060596958,2434866837,35595,1365.0,1340.0
2023-05-14,1345.0,1388.0,1345.0,1373.0,1779390717071,1295551863,17914,1322.0,1388.0
2023-05-15,1399.0,1418.0,1359.0,1385.0,908110425299,655722019,13511,1373.0,1374.0
2023-05-17,1378.0,1417.0,1361.0,1401.0,731178350560,521885643,10958,1385.0,1403.0
2023-05-20,1412.0,1412.0,1355.0,1386.0,888740378262,641382124,14168,1401.0,1386.0
2023-05-21,1381.0,1414.0,1370.0,1402.0,814006244255,580792967,10583,1386.0,1414.0
2023-05-22,1419.0,1432.0,1402.0,1411.0,776516871882,550241482,10285,1402.0,1416.0
2023-05-23,1410.0,1437.0,1393.0,1414.0,912987629339,645757306,12061,1411.0,1394.0
2023-05-24,1434.0,1436.0,1401.0,1419.0,1111935524962,783716935,12569,1414.0,1410.0
2023-05-27,1422.0,1422.0,1386.0,1398.0,970537915867,694368803,12012,1419.0,1399.0
2023-05-28,1390.0,1398.0,1343.0,1359.0,1129476898553,831095854,14693,1398.0,1367.0
2023-05-29,1360.0,1386.0,1354.0,1360.0,616128074571,453073654,8637,1359.0,1358.0
2023-05-30,1358.0,1377.0,1353.0,1361.0,604078264731,443867235,8621,1360.0,1359.0
2023-05-31,1350.0,1362.0,1344.0,1353.0,582474674641,430562781,7420,1361.0,1353.0
2023-06-03,1353.0,1363.0,1345.0,1354.0,463674905048,342447971,7066,1353.0,1353.0
2023-06-06,1352.0,1378.0,1349.0,1357.0,671197245538,494481665,9692,1354.0,1374.0
2023-06-07,1380.0,1410.0,1361.0,1383.0,1009059729559,729426267,11984,1357.0,1369.0
2023-06-10,1367.0,1367.0,1314.0,1317.0,1074004976864,815324846,14179,1383.0,1314.0
2023-06-11,1315.0,1330.0,1306.0,1316.0,541083289743,411064739,11486,1317.0,1327.0
2023-06-12,1318.0,1318.0,1259.0,1272.0,734800211493,577509469,13136,1316.0,1266.0
2023-06-13,1272.0,1295.0,1265.0,1280.0,494307501888,386039159,7870,1272.0,1289.0
2023-06-14,1316.0,1316.0,1284.0,1295.0,421522769688,325595851,6672,1280.0,1288.0
2023-06-17,1277.0,1320.0,1271.0,1290.0,370297150299,286956999,6925,1295.0,1275.0
2023-06-18,1289.0,1290.0,1254.0,1273.0,464792551427,365070393,6977,1290.0,1283.0
2023-06-19,1281.0,1303.0,1260.0,1281.0,445320875984,347564710,6432,1273.0,1271.0
2023-06-20,1283.0,1325.0,1270.0,1297.0,482339394088,371944748,6806,1281.0,1304.0
2023-06-21,1304.0,1322.0,1300.0,1316.0,412073675054,313118022,7498,1297.0,1320.0
2023-06-24,1325.0,1336.0,1290.0,1317.0,446937172582,339373569,8191,1316.0,1316.0
2023-06-25,1330.0,1343.0,1325.0,1335.0,435057914381,325785867,6828,1317.0,1333.0
2023-06-26,1330.0,1347.0,1315.0,1329.0,360469520812,271201572,6469,1335.0,1329.0
2023-06-27,1320.0,1322.0,1290.0,1304.0,512544001035,393133850,7211,1329.0,1291.0
2023-06-28,1300.0,1300.0,1273.0,1284.0,407835722036,317646143,6335,1304.0,1288.0
2023-07-01,1288.0,1288.0,1266.0,1274.0,371296401760,291469717,6840,1284.0,1272.0
2023-07-02,1270.0,1305.0,1269.0,1286.0,353982079582,275227339,6131,1274.0,1282.0
2023-07-03,1300.0,1332.0,1284.0,1306.0,416597588969,318879477,7383,1286.0,1328.0
2023-07-04,1311.0,1337.0,1305.0,1316.0,570557536688,433435632,7371,1306.0,1311.0
2023-07-05,1303.0,1324.0,1303.0,1315.0,539272840869,410068999,6694,1316.0,1312.0
2023-07-08,1329.0,1329.0,1296.0,1307.0,351427186022,268877745,6389,1315.0,1301.0
2023-07-09,1300.0,1309.0,1286.0,1293.0,433754866421,335431069,6416,1307.0,1293.0
2023-07-10,1295.0,1307.0,1280.0,1288.0,355108902970,275722395,5968,1293.0,1282.0
2023-07-11,1287.0,1288.0,1247.0,1266.0,670912018369,530126889,8466,1288.0,1250.0
2023-07-12,1242.0,1260.0,1203.0,1219.0,1252908348333,1027963793,13616,1266.0,1210.0
2023-07-15,1208.0,1247.0,1205.0,1223.0,333311568552,272637233,6229,1219.0,1214.0
2023-07-16,1220.0,1220.0,1167.0,1179.0,664246828710,563466525,9675,1223.0,1172.0
2023-07-17,1165.0,1194.0,1136.0,1156.0,968583356520,837875967,11757,1179.0,1193.0
2023-07-18,1210.0,1213.0,1195.0,1212.0,858014012170,707823072,7605,1156.0,1213.0
2023-07-19,1236.0,1272.0,1201.0,1244.0,749852856790,602836412,11295,1212.0,1210.0
2023-07-22,1201.0,1214.0,1182.0,1184.0,1127291854227,951806748,12910,1244.0,1182.0
2023-07-23,1170.0,1199.0,1170.0,1183.0,240208455850,202966203,5031,1184.0,1188.0
2023-07-24,1207.0,1212.0,1195.0,1205.0,218274880590,181164338,4493,1183.0,1208.0
2023-07-25,1227.0,1246.0,1210.0,1228.0,399413923522,325231430,5751,1205.0,1221.0
2023-07-26,1220.0,1236.0,1200.0,1224.0,290141322409,237081858,4007,1228.0,1233.0
2023-07-29,1220.0,1229.0,1199.0,1209.0,278248784764,230072719,4338,1224.0,1199.0
2023-07-30,1200.0,1209.0,1172.0,1187.0,355771579912,299607053,5450,1209.0,1188.0
2023-07-31,1193.0,1224.0,1185.0,1194.0,331059236857,277307754,5108,1187.0,1194.0
2023-08-01,1219.0,1225.0,1197.0,1208.0,286621293320,237316789,4484,1194.0,1221.0
2023-08-05,1225.0,1261.0,1221.0,1241.0,477299979750,384713778,7191,1208.0,1247.0
2023-08-06,1245.0,1266.0,1212.0,1242.0,474294607441,381766910,5841,1241.0,1250.0
2023-08-07,1236.0,1260.0,1236.0,1249.0,368934725963,295420232,5352,1242.0,1241.0
2023-08-08,1248.0,1248.0,1218.0,1228.0,329015589072,268031533,4585,1249.0,1223.0
2023-08-09,1234.0,1246.0,1212.0,1219.0,319667281311,262200128,4799,1228.0,1213.0
2023-08-12,1206.0,1211.0,1172.0,1180.0,514152722544,435582957,6772,1219.0,1173.0
2023-08-13,1172.0,1198.0,1165.0,1185.0,244417447281,206203571,4075,1180.0,1195.0
2023-08-14,1195.0,1207.0,1187.0,1193.0,223802010025,187667873,3897,1185.0,1190.0
2023-08-15,1181.0,1192.0,1178.0,1185.0,275911568299,232741405,4087,1193.0,1183.0
2023-08-16,1182.0,1190.0,1177.0,1183.0,261105905309,220714669,3974,1185.0,1181.0
2023-08-19,1172.0,1185.0,1151.0,1162.0,405489358033,348817588,6448,1183.0,1153.0
2023-08-20,1162.0,1180.0,1158.0,1166.0,310276939891,266203083,4047,1162.0,1166.0
2023-08-21,1169.0,1187.0,1166.0,1175.0,341938697764,291080312,4554,1166.0,1169.0
2023-08-22,1165.0,1174.0,1151.0,1158.0,338736938004,292565275,4526,1175.0,1160.0
2023-08-23,1145.0,1200.0,1145.0,1171.0,414456582159,353861082,4752,1158.0,1200.0
2023-08-26,1195.0,1229.0,1190.0,1223.0,739004811241,604440739,7036,1171.0,1229.0
2023-08-27,1255.0,1284.0,1248.0,1283.0,3003292006189,2340158881,17996,1223.0,1284.0
2023-08-28,1307.0,1343.0,1286.0,1313.0,1804882896744,1374369133,18021,1283.0,1288.0
2023-08-29,1300.0,1334.0,1280.0,1301.0,1079456356414,829869731,12027,1313.0,1288.0
2023-08-30,1290.0,1320.0,1279.0,1298.0,1414390290519,1089862082,12584,1301.0,1295.0
2023-09-02,1285.0,1303.0,1262.0,1282.0,1278337168514,996918637,12110,1298.0,1271.0
2023-09-03,1279.0,1304.0,1273.0,1291.0,735120996106,569317431,7072,1282.0,1287.0
2023-09-04,1286.0,1355.0,1285.0,1336.0,1614163464586,1208601605,15317,1291.0,1334.0
2023-09-05,1345.0,1373.0,1326.0,1345.0,1057142503615,785790302,10487,1336.0,1328.0
2023-09-09,1328.0,1349.0,1311.0,1326.0,808591596811,609672576,8478,1345.0,1316.0
2023-09-10,0.0,1337.0,1292.0,1323.0,497680336661,376082149,5930,1326.0,1322.0
